قَالَ,to say
كَانَ,to be
ءَامَنَ,to believe
عَلِمَ,to know
جَعَلَ,to make
كَفَرَ,to cover
جَآءَ,to come
عَمِلَ,"to do, to work"
آتَى,to give
رَءَا,to see
أَتَى,"to come, to bring"
شَآءَ,"to will, to wish"
خَلَقَ,to create
أَنزَلَ,"to send down, to reveal"
كَذَّبَ,lie
دَعَا,"to call, to invite, to pray"
ٱتَّقَىٰ,"to be righteous, to fear (Allah)"
هَدَى,to guide
أَرَادَ,"to intend, to desire, to want, to wish"
ٱتَّبَعَ,to follow
أَرْسَلَ,to send
أَخَذَ,"to take, to seize"
ٱتَّخَذَ,to take
عَبَدَ,to worship
ظَلَمَ,"to oppress, to wrong"
سَأَلَ,to ask
وَجَدَ,to find
أَخْرَجَ,"to bring forth, to drive out"
أَكَلَ,"to eat, to consume"
لَّيْسَ,to not be
فَعَلَ,to do
نَّظَرَ,"to look, to see"
ذَكَرَ,"to remember, to mention"
خَافَ,"to fear, to be afraid"
قَتَلَ,to kill
رَجَعَ,to return
سَمِعَ,"to hear, to listen"
تَوَلَّىٰ,to turn
أَمَرَ,"to order, to command"
دَخَلَ,to enter
جَزَىٰ,"to reward, to recompense"
أَطَاعَ,to obey
أَوْحَىٰٓ,"to reveal, to inspire"
أَشْرَكَ,to associate partners
أَلْقَىٰٓ,"to cast, to throw, to meet, to offer"
وَعَدَ,to promise
أَنفَقَ,to spend
غَفَرَ,to forgive
أَحْبَبْ,"to love, to like"
أَصَابَ,"to strike, to befall, to bestow"
أَضَلَّ,"to let go astray, to mislead"
تَابَ,"to repent, to turn"
كَسَبَ,to earn
نَزَّلَ,"to send down, to reveal"
تَلَىٰ,to recite
رَزَقَ,to provide
قَضَىٰٓ,"to decree, to decide, to judge"
نَصَرَ,to help
صَبَرَ,to be patient
جَرَيْ,"to flow, to run"
مَسَّ,to touch
ضَرَبَ,"to strike, to set forth"
قَٰتَلَ,to fight
أَقَامَ,to establish
خَرَجَ,"to go out, to come out, to depart, to leave"
ضَلَّ,"to go astray, to err, to lose"
بَعَثَ,"to raise, to resurrect, to send"
أَحْيَا,to give life
تَذَكَّرَ,to receive admonition
أَهْلَكَ,to destroy
ٱفْتَرَىٰ,to invent
زَادَ,to increase
عَقَلُ,"to understand, to reason"
كَتَبَ,"to write, to prescribe, to ordain"
ظَنَّ,"to think, to assume, to guess"
شَكَرَ,"to be grateful, to give thanks"
نَبَّأَ,to inform
حَكَمَ,to judge
يَذَرَ,"to leave, to forsake"
حَسِبَ,to think
شَهِدَ,"to testify, to bear witness"
مَلَكَتْ,"to possess, to have power"
نَادَىٰ,to call
أَنذَرَ,to warn
أُدْخِلَ,to admit
سَبَّحَ,"to glorify, to praise"
ٱسْتَطَاعَ,"to be able to, to be capable"
حَمَلَ,"to carry, to bear"
عَذَّبَ,to punish
عَلَّمَ,to teach
بِئْسَ,"to be wretched, to be evil"
بَلَغَ,to reach
تَرَكَ,to leave
خَشِىَ,to fear
أَرَيْ,to show
ٱسْتَغْفَرَ,to ask forgiveness
ٱسْتَكْبَرَ,to be arrogant
ٱهْتَدَىٰ,to be guided
تَوَكَّلْ,to put trust
حَرَّمَ,"to forbid, to make unlawful"
مَّاتَ,to die
بُشِّرَ,to give glad tidings
رَّضِىَ,to be pleased
يَحْزُن,to grieve
حَشَرَ,"to gather, to raise"
صَدَّ,"to turn away, to avert, to hinder"
نَجَّىٰ,"to save, to deliver"
ذَاقُ,to taste
رَدَّ,"to turn back, to return"
بَيَّنُ,to make clear
ٱخْتَلَفَ,to differ
ذَهَبَ,"to go, to take away"
سَجَدَ,to prostrate
ٱسْتَوَىٰٓ,"to be equal, to be alike, to establish"
نَسِىَ,to forget
ٱبْتَغَىٰ,to seek
قَامَ,"to stand up, to rise, to establish"
أَعْرَضَ,to turn away
كَفَىٰ,to be sufficient
نَهَىٰ,to forbid
نَفَعَ,"to profit, to benifit"
سَآءَ,to be evil
عَسَى,to perhaps
لَبِثَ,"to remain, to stay, to hesitate, to delay"
وَلَّىٰ,to turn
أَبْصَرَ,to see
ٱسْتَجَابَ,"to answer, to respond"
رَّحِمَ,to have mercy
أَصْبَحَ,to become
أَصْلَحَ,"to correct, to reform, to improve, to make peace"
أَغْنَتْ,"to avail, to enrich"
جَٰهَدَ,to strive
عَصَا,to disobey
عَفَا,"to forgive, to pardon"
أَفْلَحَ,to succeed
قَدَّمَ,"to send forth, to offer"
زَيَّنَ,to make fair-seeming
بَغَىٰ,"to seek, to oppress"
جَٰدَلُ,"to argue, to dispute"
خَلَا,to pass away
يَشْعُرُ,"to perceive, to realize"
قَدَرَ,"to restrict, to control, to have power"
كَادَ,"to be near, to nearly do, to almost do"
تَوَفَّىٰ,"to pass away, to die"
أَذِنَ,to permit
بَدَّلَ,to change
فَتَنُ,"to persecute, to test, to try"
لَعَنَ,to curse
أَنجَىٰ,to save
جَمَعَ,"to gather, to collect"
أَذَاقَ,to cause taste
يَرْجُوا۟,"to hope, to expect, to desire"
رَفَعَ,to raise
سَخَّرَ,"to subject, to impose"
أَسْلَمَ,to submit
مَكَرَ,"to plot, to scheme, to plan"
وَهَبَ,"to grant, to bestow"
أَحْسَنَ,to do good
ٱشْتَرَىٰ,"to buy, to purchase, to exchange"
كَتَمَ,"to conceal, to hide"
مَّشَ,to walk
أَمَاتَ,to cause death
ٱسْتُهْزِئَ,"to mock, to ridicule"
وَضَعَ,"to deliver, to give birth"
أَمِنَ,to feel secure
بَلَوْ,to test
حَقَّ,"to justify, to prove true"
أَحَلَّ,to make lawful
سَبَقَ,to precede
سَعَىٰ,"to strive, to run"
أَعَدَّ,to prepare
عَرَفَ,"to know, to recognize"
تَعَٰلَىٰ,"to be exalted, to be high"
أَقْسَمُ,to swear
قَصَّ,to narrate
كَلَّمَ,to speak
أَنشَأَ,"to produce, to raise"
يَضُرَّ,to harm
ٱسْتَعْجَلَ,to seek to hasten
يَفْقَهُ,to understand
نَفَخَ,"to blow, to breathe"
تَبَيَّنَ,to become clear
أُخْفِىَ,"to conceal, to hide"
ذُكِّرَ,to remind
أَسَرَّ,to conceal
عَادَ,to return
أُعِيدُ,to return
مَّتَّعْ,"to grant, to bestow, to provide"
أَمْسَكَ,"to retain, to withhold"
نِعْمَ,to be excellent
وَفَّىٰٓ,"to pay in full, to fulfill"
أَوْفَىٰ,to fulfill
أَحَاطَ,"to surround, to encompass"
أَدْرَىٰ,to make known
أُغْرِقُ,to drown
فَصَّلَ,"to make clear, to explain in detail"
فَضَّلَ,"to bestow, to prefer, to favor"
يَتَفَكَّرُ,"to ponder, to reflect"
ٱنقَلَبَ,"to turn back, to return"
كَرِهَ,"to dislike, to hate"
أَنْعَمَ,to bestow favor
وَدَّ,"to love, to wish"
أُفِكَ,"to delude, to turn away"
بَسَطَ,"to extend, to stretch"
أَتَمَّ,"to fulfill, to complete, to perfect"
خَسِرَ,to lose
ٱسْتَمَعَ,to listen
سَارَ,to travel
فَتَحَ,"to open, to give victory"
فَرِحَ,to rejoice
قَدَّرَ,"to determine, to plot"
قَرَأَ,"to read, to recite"
مَنَّ,to favor
أَنۢبَتَ,to make grow
ٱنتَهَىٰ,"to refrain, to cease, to desist"
هَاجَرَ,to emigrate
وَقَىٰ,"to save, to protect"
أَخَّرَ,"to delay, to give respite"
أُوذِىَ,"to harm, to trouble"
يُبْدِىَ,"to reveal, to disclose"
أَتْبَعَ,to follow
سَكَنَ,"to dwell, to live, to rest"
شَرِبَ,to drink
صَدَقَ,"to be truthful, to fulfill"
صَنَعُ,"to make, to construct, to do"
ٱعْتَدَىٰ,to transgress
غَرَّ,"to deceive, to delude"
غَلَبُ,"to overcome, to defeat"
أَغْنَىٰ,"to avail, to prosper"
أَفْسَدُ,to cause corruption
وَعَظْ,"to instruct, to advise, to preach"
حَلَلْ,"to descend, to be lawful"
أَخْلَفُ,"to break, to fail"
صَرَفَ,"to divert, to turn away"
أَعْتَدَتْ,to prepare
عَدَلَ,to be just
كَشَفَ,"to remove, to uncover"
كَفَّرَ,to remove
لَقُ,"to receive, to meet"
نَكَحَ,to marry
أَبَى,to refuse
تَرَبَّصْ,to await
زَعَمَ,to claim
أَسْمَعَ,to make hear
سَوَّىٰ,"to fashion, to proportion"
يَصْلَى,to burn
أَطْعَمَ,to feed
غَشِيَ,to cover
مَدَّ,"to spread, to extend, to prolong"
مَكَّ,to establish
وَرِثَ,to inherit
يَصِفُ,"to attribute, to ascribe"
ٱسْتَـْٔذَنَ,to ask permission
بَدَأَ,"to begin, to originate"
جَحَدُ,"to reject, to deny"
حَبِطَ,to become worthless
حَآجَّ,to argue
يَحْذَرُ,"to fear, to beware"
حَلَفْ,to swear
خَرَّ,to fall
أَخْزَيْ,to disgrace
تَدْرِى,to know
زَكَّىٰ,to purify
سَقَىٰ,"to water, to give drink"
سَلَكَ,"to insert, to make enter"
ٱصْطَفَىٰ,to choose
صَلَّىٰ,"to pray, to bless"
طَغَىٰ,"to transgress, to overflow"
أَعْلَن,"to declare, to reveal, to proclaim"
قُطِعَ,to cut
قَطَّعَ,"to cut, to divide"
قَعَدَ,to sit
مَّنَعَ,to prevent
يُنظَرُ,to give respite
أَوْرَثَ,to make inherit
وَقَعَ,"to fall, to occur, to fulfill"
يُوقِنُ,to believe firmly
بَدَا,to become apparent
بَنَىٰ,"to construct, to build"
أَذْهَبَ,"to remove, to take away"
سَخِرَ,"to ridicule, to mock"
طَبَعَ,to seal
أَعْجَبَ,"to please, to impress"
عَرَضَ,"to display, to present, to expose, to turn away"
عَٰهَدَ,to make a covenant
يَقْرَبُ,"to approach, to go near"
كَذَبَ,"to deny, to lie"
لَبَسْ,"to obscure, to confuse, to mix, to wear"
تَمَتَّعَ,to enjoy
أَنَابَ,to turn
يَنَالُ,to reach
هَادُ,to be Jewish
وَصَّىٰ,to enjoin
يَسَّرَ,to make easy
بَخِلَ,"to be stingy, to withhold"
